,city,lat,lon,Max_Temp,Humidity,Cloudiness,Wind_Speed,Country,date
1,ushuaia,-54.8,-68.3,42.46,81,40,26.46,AR,1653946067
2,lebu,-37.6167,-73.65,45.03,74,0,12.59,CL,1653946647
3,mar del plata,-38.0023,-57.5575,46.09,54,40,7.0,AR,1653946119
4,rikitea,-23.1203,-134.9692,74.26,78,41,8.88,PF,1653946264
5,mataura,-46.1927,168.8643,52.48,85,100,3.96,NZ,1653946265
6,urucara,-2.5364,-57.76,75.6,94,97,1.81,BR,1653946648
7,arraial do cabo,-22.9661,-42.0278,73.26,88,0,2.3,BR,1653946478
8,butaritari,3.0707,172.7902,81.68,72,46,14.67,KI,1653946335
9,buenos aires,-34.6132,-58.3772,49.95,50,20,4.61,AR,1653946440
10,husavik,66.0449,-17.3389,51.82,64,5,6.87,IS,1653946648
11,kaitangata,-46.2817,169.8464,53.47,79,100,4.25,NZ,1653946333
12,nikolskoye,59.7035,30.7861,57.09,73,100,5.17,RU,1653946334
13,albany,42.6001,-73.9662,87.93,49,58,8.46,US,1653946085
14,busselton,-33.65,115.3333,51.64,87,0,7.76,AU,1653946341
15,mormugao,15.4,73.8,83.46,74,40,9.22,IN,1653946649
16,punta arenas,-53.15,-70.9167,44.71,76,0,18.41,CL,1653946072
17,hilo,19.7297,-155.09,88.29,69,75,12.66,US,1653946614
18,fortuna,40.5982,-124.1573,60.93,65,20,18.41,US,1653946289
19,liverpool,53.4106,-2.9779,52.14,91,75,3.44,GB,1653946650
20,bethel,41.3712,-73.414,88.34,54,0,9.22,US,1653946263
21,mahebourg,-20.4081,57.7,73.69,73,75,14.97,MU,1653946650
22,port macquarie,-31.4333,152.9167,59.9,55,39,15.28,AU,1653946483
23,bredasdorp,-34.5322,20.0403,56.68,71,58,12.21,ZA,1653946412
24,esperance,-33.8667,121.9,56.53,76,100,11.61,AU,1653946342
25,jamestown,42.097,-79.2353,85.51,49,0,10.36,US,1653946189
26,ilulissat,69.2167,-51.1,37.42,70,20,10.36,GL,1653946651
27,barrow,71.2906,-156.7887,30.22,80,100,8.05,US,1653946264
28,carnarvon,-24.8667,113.6333,62.38,58,99,17.31,AU,1653946652
29,norman wells,65.282,-126.8329,69.84,32,40,13.8,CA,1653946652
30,churapcha,62.0025,132.4325,46.42,86,100,8.34,RU,1653946652
31,surt,31.2089,16.5887,77.59,43,38,14.36,LY,1653946653
32,torbay,47.6666,-52.7314,63.37,42,100,14.97,CA,1653946533
33,ixtapa,20.7,-105.2,83.43,65,0,13.8,MX,1653946653
34,kapaa,22.0752,-159.319,80.58,75,0,10.36,US,1653946265
35,itarema,-2.9248,-39.9167,77.88,88,38,11.92,BR,1653946653
36,krasnoselkup,65.7,82.4667,37.06,78,14,19.55,RU,1653946654
37,ila,63.4305,10.3705,59.0,64,99,8.75,NO,1653946654
38,mahajanga,-15.7167,46.3167,68.02,73,0,3.44,MG,1653946654
39,vaini,-21.2,-175.2,78.96,89,40,9.22,TO,1653946338
40,adrar,20.5022,-10.0711,90.37,16,42,9.51,MR,1653946655
41,linxia,35.6003,103.2064,54.07,66,98,3.85,CN,1653946655
42,new norfolk,-42.7826,147.0587,40.5,89,100,1.61,AU,1653946413
43,lamar,33.6668,-95.5836,92.98,55,75,18.41,US,1653946655
44,vila velha,-20.3297,-40.2925,76.95,87,0,10.36,BR,1653946709
45,carutapera,-1.195,-46.02,76.03,91,16,6.8,BR,1653946716
46,hithadhoo,-0.6,73.0833,83.32,69,62,12.93,MV,1653946265
47,saskylakh,71.9167,114.0833,22.01,98,99,2.26,RU,1653946408
48,hobart,-42.8794,147.3294,40.86,91,0,3.44,AU,1653946332
49,isangel,-19.55,169.2667,82.51,83,40,2.3,VU,1653946716
50,lavrentiya,65.5833,-171.0,39.54,84,90,4.41,RU,1653946717
51,xichang,27.8964,102.2634,61.88,86,99,0.76,CN,1653946717
52,asino,56.9979,86.1452,51.84,87,4,12.88,RU,1653946717
53,mosetse,-20.75,26.65,62.29,50,23,12.62,BW,1653946718
54,longyearbyen,78.2186,15.6401,39.04,93,40,13.8,SJ,1653946718
55,port blair,11.6667,92.75,81.36,85,94,13.47,IN,1653946718
56,atuona,-9.8,-139.0333,78.06,76,64,12.12,PF,1653946409
57,bud,39.447,-86.1758,87.91,55,70,13.47,US,1653946719
58,sept-iles,50.2001,-66.3821,55.92,36,75,12.66,CA,1653946719
59,east london,-33.0153,27.9116,57.65,50,100,6.29,ZA,1653946047
60,touros,-5.1989,-35.4608,78.19,87,18,8.93,BR,1653946489
61,terrace,54.5163,-128.6035,71.51,35,75,5.75,CA,1653946709
62,tiksi,71.6872,128.8694,29.28,92,100,14.03,RU,1653946259
63,ostrovnoy,68.0531,39.5131,35.22,88,30,6.31,RU,1653946720
64,menongue,-14.6585,17.691,54.61,50,2,5.06,AO,1653946720
65,georgetown,5.4112,100.3354,78.73,94,20,1.14,MY,1653946718
66,tuktoyaktuk,69.4541,-133.0374,33.8,86,75,6.91,CA,1653946408
67,iralaya,15.0,-83.2333,81.01,81,100,12.46,HN,1653946720
68,turukhansk,65.8167,87.9833,44.76,81,89,11.79,RU,1653946721
69,berdigestyakh,62.0989,126.6992,49.86,98,100,5.59,RU,1653946721
70,portland,45.5234,-122.6762,64.22,65,75,9.22,US,1653946649
71,calabozo,8.9242,-67.4293,92.41,38,12,8.32,VE,1653946721
72,watsonville,36.9102,-121.7569,81.68,47,0,8.05,US,1653946722
73,thompson,55.7435,-97.8558,48.36,93,100,10.36,CA,1653946411
74,upernavik,72.7868,-56.1549,29.55,79,27,15.93,GL,1653946331
75,athens,37.9795,23.7162,75.24,60,0,3.0,GR,1653946485
76,chokurdakh,70.6333,147.9167,39.36,70,80,8.39,RU,1653946410
77,avarua,-21.2078,-159.775,77.05,88,75,10.36,CK,1653946258
78,dukat,62.55,155.55,36.09,94,100,7.11,RU,1653946723
79,sirjan,29.452,55.6814,67.01,9,1,5.39,IR,1653946723
80,kodiak,57.79,-152.4072,45.91,81,100,6.91,US,1653946723
81,valparaiso,-33.0393,-71.6273,61.03,36,0,9.22,CL,1653946454
82,narsaq,60.9167,-46.05,50.22,75,77,4.23,GL,1653946404
83,taylorville,39.5489,-89.2945,87.69,42,0,21.85,US,1653946724
84,cape town,-33.9258,18.4232,57.11,83,40,8.05,ZA,1653946234
85,te anau,-45.4167,167.7167,54.79,87,99,5.99,NZ,1653946724
86,olavarria,-36.8927,-60.3225,45.01,68,100,5.82,AR,1653946724
87,segezha,63.7415,34.3222,47.07,92,100,5.55,RU,1653946725
88,yellowknife,62.456,-114.3525,57.72,33,20,8.05,CA,1653946502
89,upata,8.0086,-62.3989,86.2,62,100,5.21,VE,1653946725
90,lazarev,52.225,141.5131,39.54,95,100,16.98,RU,1653946725
91,port hedland,-20.3167,118.5667,57.25,94,100,14.97,AU,1653946786
92,verkhnyaya inta,65.9811,60.3094,46.31,51,21,4.16,RU,1653946786
93,eyl,7.9803,49.8164,79.54,77,19,21.81,SO,1653946786
94,victoria,22.2855,114.1577,83.32,86,99,4.0,HK,1653946023
95,payson,40.0444,-111.7321,53.38,67,75,16.11,US,1653946787
96,olafsvik,64.8945,-23.7142,49.37,79,91,10.63,IS,1653946787
97,ponta do sol,32.6667,-17.1,69.01,85,80,7.9,PT,1653946336
98,komsomolskiy,40.4272,71.7189,59.72,67,0,4.61,UZ,1653946405
99,sao filipe,14.8961,-24.4956,75.96,79,3,6.33,CV,1653946334
100,namatanai,-3.6667,152.4333,82.0,71,97,6.55,PG,1653946414
101,vila franca do campo,37.7167,-25.4333,56.19,86,98,23.24,PT,1653946788
102,ndende,-2.4008,11.3581,73.15,96,91,1.14,GA,1653946788
103,kieta,-6.2167,155.6333,81.61,75,67,2.64,PG,1653946788
104,safaga,26.7292,33.9365,87.26,28,0,9.01,EG,1653946789
105,ketchikan,55.3422,-131.6461,64.87,55,0,8.05,US,1653946524
106,nioro,13.35,-15.75,83.01,51,95,10.67,GM,1653946789
107,ancud,-41.8697,-73.8203,44.04,77,68,3.51,CL,1653946789
108,hermanus,-34.4187,19.2345,57.79,73,80,10.87,ZA,1653946336
109,puerto ayora,-0.7393,-90.3518,76.96,81,87,11.05,EC,1653946333
110,praia da vitoria,38.7333,-27.0667,58.75,82,40,21.97,PT,1653946790
111,tefe,-3.3542,-64.7114,87.91,70,40,13.8,BR,1653946790
112,schwedt,53.0596,14.2815,46.65,92,46,5.86,DE,1653946791
113,truro,50.2653,-5.0544,54.68,66,20,10.36,GB,1653946791
114,ringas,27.35,75.5667,84.83,42,0,14.29,IN,1653946791
115,biak,-0.9131,122.8766,76.98,84,86,2.28,ID,1653946792
116,nanortalik,60.1432,-45.2371,38.16,89,97,3.98,GL,1653946409
117,iisalmi,63.5592,27.1907,53.2,89,98,6.17,FI,1653946792
118,nyurba,63.2842,118.3319,48.04,71,100,6.96,RU,1653946792
119,bay roberts,47.5999,-53.2648,64.15,66,59,10.49,CA,1653946793
120,kota kinabalu,5.9749,116.0724,75.18,83,20,5.99,MY,1653946793
121,batemans bay,-35.7167,150.1833,49.1,61,39,12.17,AU,1653946793
122,monterey,36.2505,-121.2516,75.18,37,0,17.76,US,1653946708
123,goderich,43.7501,-81.7165,79.12,53,100,9.22,CA,1653946794
124,geraldton,-28.7667,114.6,54.01,71,100,11.5,AU,1653946485
125,chiredzi,-21.05,31.6667,64.31,81,79,9.73,ZW,1653946794
126,mehran,33.1222,46.1646,87.62,12,0,9.89,IR,1653946795
127,bengkulu,-3.8004,102.2655,74.95,91,36,4.43,ID,1653946258
128,lagunas,-5.2269,-75.6753,84.09,71,48,2.51,PE,1653946795
129,kruisfontein,-34.0033,24.7314,51.89,62,100,17.96,ZA,1653946795
130,lahaina,20.8783,-156.6825,87.8,73,50,6.2,US,1653946719
131,morros,-9.4467,-46.3003,80.33,42,27,4.03,BR,1653946796
132,manggar,-2.8833,108.2667,79.2,80,36,1.9,ID,1653946796
133,flinders,-34.5833,150.8552,55.26,65,70,15.99,AU,1653946796
134,port hardy,50.6996,-127.4199,55.58,71,75,6.91,CA,1653946797
135,katsuura,35.1333,140.3,68.31,83,100,10.29,JP,1653946406
136,west des moines,41.572,-93.7453,90.05,50,40,25.32,US,1653946815
137,neepawa,50.2289,-99.4664,61.2,92,100,19.71,CA,1653946857
138,petropavlovsk-kamchatskiy,53.0452,158.6483,46.78,71,20,4.47,RU,1653946858
139,ahipara,-35.1667,173.1667,62.89,89,100,8.46,NZ,1653946858
140,pimentel,-6.8367,-79.9342,71.89,60,0,20.71,PE,1653946858
141,leningradskiy,69.3833,178.4167,39.58,78,93,5.79,RU,1653946859
142,caramay,10.1815,119.236,77.99,86,99,2.93,PH,1653946859
143,termiz,37.2242,67.2783,68.09,34,0,4.61,UZ,1653946859
144,ankang,32.68,109.0172,70.27,62,100,0.22,CN,1653946860
145,sukumo,32.9333,132.7333,68.09,88,97,6.64,JP,1653946860
146,bilibino,68.0546,166.4372,56.14,44,100,11.41,RU,1653946860
147,chuy,-33.6971,-53.4616,44.87,72,20,11.25,UY,1653946405
148,paamiut,61.994,-49.6678,33.94,95,97,1.83,GL,1653946861
149,khatanga,71.9667,102.5,32.36,77,52,7.34,RU,1653946861
150,nemuro,43.3236,145.575,43.68,96,100,13.8,JP,1653946861
151,severo-kurilsk,50.6789,156.125,43.02,88,79,0.87,RU,1653946862
152,dwarka,22.2394,68.9678,80.46,84,7,17.25,IN,1653946862
153,tasiilaq,65.6145,-37.6368,39.36,89,50,3.51,GL,1653946339
154,hasaki,35.7333,140.8333,66.6,85,100,14.29,JP,1653946863
155,iqaluit,63.7506,-68.5145,38.93,75,20,15.01,CA,1653946863
156,gigmoto,13.7796,124.39,80.19,80,100,2.01,PH,1653946863
157,laramie,41.3114,-105.5911,51.96,40,100,24.16,US,1653946690
158,piacabucu,-10.4056,-36.4344,76.05,91,99,9.53,BR,1653946864
159,belmonte,-15.8631,-38.8828,75.97,88,8,7.83,BR,1653946864
160,saint anthony,45.0205,-93.218,86.34,56,20,25.32,US,1653946864
161,kuryk,43.2,51.65,74.55,29,0,7.11,KZ,1653946865
162,lumphat,13.4878,106.9816,73.8,99,73,2.48,KH,1653946865
163,souillac,-20.5167,57.5167,73.78,73,75,14.97,MU,1653946865
164,salinopolis,-0.6136,-47.3561,78.93,83,81,7.47,BR,1653946744
165,north platte,41.1239,-100.7654,67.89,50,40,26.46,US,1653946644
166,coroico,-16.1889,-67.7271,61.43,98,80,1.3,BO,1653946800
167,tecoanapa,16.5167,-98.75,83.53,72,100,11.3,MX,1653946866
168,mount gambier,-37.8333,140.7667,44.44,89,94,16.84,AU,1653946755
169,lappeenranta,61.0587,28.1887,53.65,74,0,5.75,FI,1653946866
170,saint-philippe,-21.3585,55.7679,69.39,75,42,11.77,RE,1653946490
171,lompoc,34.6391,-120.4579,80.78,61,0,25.99,US,1653946867
172,shingu,33.7333,135.9833,65.28,94,100,5.01,JP,1653946867
173,college,64.8569,-147.8028,73.58,34,20,6.91,US,1653946867
174,cao bang,22.6667,106.25,73.69,99,100,1.48,VN,1653946868
175,caarapo,-22.6342,-54.8222,62.82,96,100,7.76,BR,1653946709
176,castro,-24.7911,-50.0119,61.47,98,100,5.61,BR,1653946868
177,bireun,5.203,96.7009,77.61,63,95,4.85,ID,1653946869
178,port alfred,-33.5906,26.891,56.17,60,100,3.0,ZA,1653946489
179,abu dhabi,24.4667,54.3667,84.22,66,0,3.44,AE,1653946789
180,cap malheureux,-19.9842,57.6142,72.46,74,80,5.01,MU,1653946929
181,osvaldo cruz,-21.7967,-50.8786,68.86,84,79,6.58,BR,1653946929
182,marzuq,14.4,46.4667,77.99,40,40,4.9,YE,1653946930
183,alakurtti,66.9672,30.3491,48.96,75,13,3.67,RU,1653946930
184,sistranda,63.7256,8.834,57.16,73,100,11.79,NO,1653946930
185,jardim,-21.4803,-56.1381,64.49,94,100,6.67,BR,1653946931
186,xai-xai,-25.0519,33.6442,68.81,67,100,10.04,MZ,1653946931
187,alice springs,-23.7,133.8833,47.75,49,100,5.75,AU,1653946931
188,faanui,-16.4833,-151.75,79.92,71,63,7.65,PF,1653946932
189,tynda,55.1667,124.7167,42.37,97,100,4.97,RU,1653946656
190,hanmer springs,-42.5167,172.8167,56.35,78,100,6.55,NZ,1653946932
191,san luis,-33.295,-66.3356,46.54,41,79,10.98,AR,1653946932
192,honiara,-9.4333,159.95,83.1,73,65,4.74,SB,1653946933
193,bosanska kostajnica,45.2159,16.5444,52.97,99,64,2.75,HR,1653946933
194,rawson,-43.3002,-65.1023,43.3,53,46,11.48,AR,1653946850
195,havre-saint-pierre,50.2334,-63.5986,52.16,40,100,13.8,CA,1653946933
196,tapel,18.2891,122.0292,78.4,91,62,4.36,PH,1653946934
197,bluff,-46.6,168.3333,52.81,71,100,15.59,NZ,1653946414
198,vernon,50.2581,-119.2691,74.12,37,89,3.44,CA,1653946688
199,machhiwara,30.9147,76.1983,86.88,25,2,5.82,IN,1653946934
200,egvekinot,66.3167,-179.1667,36.99,67,65,4.92,RU,1653946935
201,pochutla,15.7432,-96.4661,73.81,91,100,15.82,MX,1653946935
202,luxor,25.6989,32.6421,89.65,14,0,6.91,EG,1653946935
203,saint george,37.1041,-113.5841,76.62,13,0,14.97,US,1653946405
204,khash,28.2211,61.2158,69.08,15,1,5.48,IR,1653946936
205,brae,60.3964,-1.353,47.08,88,16,8.08,GB,1653946340
206,yambio,4.5721,28.3955,67.71,82,87,4.23,SS,1653946936
207,port elizabeth,-33.918,25.5701,57.49,75,20,10.36,ZA,1653946937
208,cuamba,-14.8031,36.5372,68.38,65,96,2.21,MZ,1653946937
209,cabedelo,-6.9811,-34.8339,77.67,87,72,10.31,BR,1653946937
210,morris,40.8334,-74.5329,88.21,51,0,4.61,US,1653946938
211,qaanaaq,77.484,-69.3632,26.8,76,98,5.26,GL,1653946490
212,anchorage,61.2181,-149.9003,72.48,43,0,10.36,US,1653946384
213,cockburn town,21.4612,-71.1419,84.16,65,40,11.5,TC,1653946938
214,paragominas,-2.9667,-47.4833,75.42,87,75,1.83,BR,1653946687
215,asau,46.4333,26.4,60.96,85,1,4.14,RO,1653946939
216,garowe,8.4054,48.4845,83.89,44,10,18.48,SO,1653946939
217,maunabo,18.0072,-65.8993,85.64,78,10,14.2,PR,1653946939
218,lorengau,-2.0226,147.2712,79.5,85,100,9.44,PG,1653946940
219,narasannapeta,18.4167,84.05,86.83,53,100,6.98,IN,1653946903
220,contamana,-7.3333,-75.0167,84.51,62,94,3.53,PE,1653946940
221,oussouye,12.485,-16.5469,80.78,67,100,6.35,SN,1653946940
222,grand gaube,-20.0064,57.6608,73.8,74,86,5.01,MU,1653946941
223,izhma,65.0083,53.9113,48.16,53,9,4.56,RU,1653946941
224,comodoro rivadavia,-45.8667,-67.5,46.26,49,0,9.22,AR,1653946941
225,mezen,65.8522,44.24,44.62,68,20,5.91,RU,1653946942
226,ribeira grande,38.5167,-28.7,59.4,67,40,9.22,PT,1653947002
227,kongwa,-6.2,36.4167,60.85,91,9,3.6,TZ,1653947002
228,vitim,59.4511,112.5578,50.95,56,4,1.36,RU,1653947003
229,kommunar,59.6206,30.39,56.73,74,98,5.77,RU,1653947003
230,wisconsin rapids,44.3836,-89.8174,88.09,42,0,13.8,US,1653947003
231,arroyo,41.6096,-4.7969,63.59,64,0,4.61,ES,1653947004
232,cidreira,-30.1811,-50.2056,52.77,62,26,13.96,BR,1653947004
233,pujili,-0.95,-78.6833,53.49,82,75,16.11,EC,1653947004
234,naze,28.3667,129.4833,72.52,85,92,9.78,JP,1653946410
235,westport,41.1415,-73.3579,88.45,59,0,13.8,US,1653947005
236,huilong,31.8111,121.655,63.93,66,23,8.68,CN,1653947005
237,gazimurskiy zavod,51.5461,118.3266,44.83,79,100,4.27,RU,1653947005
238,shaunavon,49.6501,-108.4181,51.58,60,100,24.76,CA,1653946997
239,chitral,35.8462,71.7858,61.93,69,75,5.06,PK,1653947006
240,salalah,17.0151,54.0924,84.29,84,75,4.61,OM,1653947006
241,dikson,73.5069,80.5464,29.05,96,87,7.63,RU,1653947006
242,pandan,14.0453,124.1694,79.29,82,100,1.23,PH,1653947007
243,codrington,-38.2667,141.9667,46.54,76,94,14.79,AU,1653947007
244,pevek,69.7008,170.3133,34.02,88,100,1.52,RU,1653946417
245,luderitz,-26.6481,15.1594,57.06,57,1,13.2,NA,1653946481
246,atar,20.5169,-13.0499,92.12,16,10,7.76,MR,1653947007
247,jucas,-6.5253,-39.5275,81.52,54,99,3.13,BR,1653947008
248,san vicente,-26.6167,-54.1333,51.48,85,100,6.04,AR,1653947008
249,guerrero negro,27.9769,-114.0611,68.54,59,6,20.83,MX,1653946416
250,banda aceh,5.5577,95.3222,80.2,79,100,13.13,ID,1653947009
251,airai,-8.9266,125.4092,60.06,86,43,2.28,TL,1653946486
252,general roca,-39.0333,-67.5833,42.62,43,0,2.13,AR,1653947009
253,timra,62.487,17.3257,49.68,87,0,3.44,SE,1653947009
254,meulaboh,4.1363,96.1285,75.15,85,41,4.41,ID,1653947010
255,mareeba,-17.0,145.4333,65.66,91,44,1.97,AU,1653947010
256,banjar,-8.19,114.9675,76.77,85,9,2.62,ID,1653947010
257,moose factory,51.2585,-80.6094,48.18,87,100,14.97,CA,1653947011
258,provideniya,64.3833,-173.3,39.36,81,20,7.0,RU,1653947011
259,goma,-1.6792,29.2228,61.47,93,100,2.82,CD,1653947011
260,san antonio,29.4241,-98.4936,98.04,40,75,20.71,US,1653946334
261,sivaki,52.6333,126.75,50.61,84,96,4.0,RU,1653947012
262,largo,27.9095,-82.7873,94.05,65,40,11.99,US,1653947012
263,cherskiy,68.75,161.3,50.23,52,100,4.94,RU,1653947012
264,tuatapere,-46.1333,167.6833,56.59,81,87,7.38,NZ,1653947013
265,broome,42.2506,-75.833,88.18,46,0,5.75,US,1653947013
266,seoul,37.5683,126.9778,56.64,82,0,3.44,KR,1653946955
267,rio gallegos,-51.6226,-69.2181,46.45,66,20,21.85,AR,1653947014
268,peplos,40.9583,26.2656,67.26,71,0,0.89,GR,1653947014
269,cabo san lucas,22.8909,-109.9124,86.61,34,0,16.11,MX,1653947014
270,vostok,46.4856,135.8833,47.48,84,100,3.83,RU,1653947015
271,joshimath,30.5667,79.5667,59.05,57,13,6.04,IN,1653947075
272,koumac,-20.5667,164.2833,77.79,72,80,3.09,NC,1653947075
273,nuuk,64.1835,-51.7216,48.81,66,75,6.91,GL,1653947076
274,thunder bay,48.4001,-89.3168,60.71,82,75,16.11,CA,1653947076
275,clyde river,70.4692,-68.5914,30.43,80,0,8.05,CA,1653947076
276,tokur,53.1333,132.9,45.25,95,100,3.24,RU,1653947076
277,acapulco,16.8634,-99.8901,85.82,70,75,13.8,MX,1653946952
278,lata,40.1629,-8.3327,64.08,88,100,1.14,PT,1653947077
279,darhan,49.4867,105.9228,51.51,50,31,4.14,MN,1653947077
280,richards bay,-28.783,32.0377,60.24,66,42,5.14,ZA,1653947077
281,boyolangu,-8.1181,111.8935,74.1,92,21,3.04,ID,1653947078
282,mehamn,71.0357,27.8492,44.55,61,0,0.0,NO,1653947078
283,araouane,18.9048,-3.5265,95.94,18,61,11.03,ML,1653947078
284,north las vegas,36.1989,-115.1175,84.31,12,0,6.91,US,1653947078
285,mount isa,-20.7333,139.5,58.77,26,76,8.05,AU,1653947079
286,maldonado,-34.6667,-54.9167,47.23,62,95,10.27,UY,1653946827
287,hambantota,6.1241,81.1185,75.54,100,40,6.91,LK,1653947079
288,upington,-28.4478,21.2561,37.78,75,41,3.44,ZA,1653947080
289,anadyr,64.75,177.4833,43.3,75,83,8.95,RU,1653947080
290,hamilton,39.1834,-84.5333,89.44,50,20,16.11,US,1653946826
291,njombe,-9.3333,34.7667,50.29,93,61,5.12,TZ,1653947080
292,half moon bay,37.4636,-122.4286,81.54,64,0,21.85,US,1653946483
293,byron bay,-28.65,153.6167,58.71,57,23,17.02,AU,1653947028
294,cavalcante,-13.7975,-47.4583,70.16,39,1,3.13,BR,1653947081
295,mehriz,31.5917,54.4318,70.3,9,0,2.42,IR,1653947081
296,palu,-0.8917,119.8707,73.85,76,73,2.89,ID,1653947082
297,santa rosalia,27.3167,-112.2833,82.81,31,0,4.47,MX,1653947082
298,oistins,13.0667,-59.5333,84.29,65,20,16.11,BB,1653947029
299,kutum,14.2,24.6667,80.33,12,0,9.91,SD,1653947082
300,tongliao,43.6125,122.2653,54.72,51,28,9.4,CN,1653947083
301,ibtin,32.7617,35.1008,71.02,74,0,4.41,IL,1653947083
302,ararangua,-28.9347,-49.4858,56.44,88,100,5.84,BR,1653947083
303,isla mujeres,21.2311,-86.731,80.17,77,100,20.94,MX,1653947084
304,labuhan,-6.8844,112.2051,77.99,86,3,5.37,ID,1653947084
305,helena,46.5927,-112.0361,49.82,71,100,11.5,US,1653946960
306,vestmanna,62.1564,-7.1664,43.72,87,100,9.22,FO,1653947084
307,klaksvik,62.2266,-6.589,45.52,87,100,10.85,FO,1653947085
308,nouadhibou,20.931,-17.0347,69.78,83,0,14.97,MR,1653947085
309,ambilobe,-13.2,49.05,67.23,86,2,3.74,MG,1653947085
310,eydhafushi,5.1033,73.0708,79.52,85,100,25.01,MV,1653947085
311,bambous virieux,-20.3428,57.7575,73.65,73,75,14.97,MU,1653947086
312,dong hoi,17.4833,106.6,79.79,82,100,4.92,VN,1653947086
313,buta,2.7858,24.73,68.88,95,10,0.92,CD,1653947086
314,teya,60.3778,92.6267,44.67,89,100,10.09,RU,1653947087
315,shar,49.5886,81.0453,65.64,43,100,3.83,KZ,1653947087
316,lixourion,38.2019,20.4314,66.2,100,0,0.0,GR,1653947087
317,batyrevo,55.0675,47.6111,50.32,78,15,5.35,RU,1653947148
318,luanda,-8.8368,13.2343,71.6,83,40,5.75,AO,1653947148
319,sulangan,11.1373,123.7228,80.38,78,99,8.39,PH,1653947148
320,hunterville,-39.9333,175.5667,59.7,74,25,9.89,NZ,1653947149
321,bunia,1.5667,30.25,63.46,93,100,5.28,CD,1653947149
322,am timan,11.0297,20.2827,86.68,40,69,9.75,TD,1653947149
323,aklavik,68.2191,-135.0107,37.4,87,75,5.75,CA,1653947150
324,kavieng,-2.5744,150.7967,83.34,70,99,12.77,PG,1653947150
325,luis correia,-2.8792,-41.6669,80.6,94,75,8.05,BR,1653947150
326,alofi,-19.0595,-169.9187,80.49,83,6,4.61,NU,1653947150
327,shonguy,68.7526,33.146,39.27,75,0,2.24,RU,1653947151
328,saint-pierre,-21.3393,55.4781,70.92,73,40,8.05,RE,1653947151
329,aykhal,66.0,111.5,42.67,58,93,11.12,RU,1653947151
330,noyabrsk,63.1994,75.4507,43.14,66,13,12.19,RU,1653947152
331,mogadishu,2.0371,45.3438,79.74,76,81,15.03,SO,1653947152
332,trinidad,-14.8333,-64.9,73.38,94,75,9.22,BO,1653947152
333,lagoa,39.05,-27.9833,59.2,75,46,21.09,PT,1653947153
334,kaniama,-7.5667,24.1833,71.11,52,80,3.09,CD,1653947153
335,ulaangom,49.9811,92.0667,58.82,39,100,5.12,MN,1653947153
336,uarini,-2.99,-65.1083,75.97,96,89,2.35,BR,1653947154
337,along,28.1667,94.7667,70.59,97,24,1.34,IN,1653947154
338,bubaque,11.2833,-15.8333,79.3,80,100,20.33,GW,1653947154
339,joao pinheiro,-17.7425,-46.1725,68.25,45,0,1.79,BR,1653947155
340,harper,4.375,-7.7169,78.39,85,65,8.43,LR,1653947155
341,durban,-29.8579,31.0292,59.02,77,2,5.99,ZA,1653947155
342,sehithwa,-20.4667,22.7167,58.12,33,0,7.76,BW,1653947155
343,urumqi,43.801,87.6005,65.35,45,0,8.95,CN,1653947156
344,saint-alexandre,44.2278,4.6214,65.07,53,72,2.77,FR,1653947156
345,slave lake,55.2834,-114.769,57.18,47,0,10.36,CA,1653946974
346,mahdalynivka,48.921,34.9156,62.2,86,45,7.11,UA,1653947157
347,vardo,70.3705,31.1107,39.18,81,5,4.61,NO,1653947157
348,bathsheba,13.2167,-59.5167,84.81,65,20,16.11,BB,1653947157
349,lerwick,60.1545,-1.1494,50.0,86,15,8.55,GB,1653947103
350,yerbogachen,61.2767,108.0108,50.14,56,83,6.44,RU,1653947158
351,verkhnevilyuysk,63.4453,120.3167,43.18,93,100,8.05,RU,1653947158
352,abu zabad,12.35,29.25,85.03,19,37,1.9,SD,1653947158
353,romny,50.751,33.4747,58.1,97,100,6.91,UA,1653947158
354,sao borja,-28.6606,-56.0044,45.95,72,0,7.94,BR,1653947159
355,vryburg,-26.9566,24.7284,47.48,48,0,7.2,ZA,1653947159
356,imbituba,-28.24,-48.6703,61.86,92,100,5.99,BR,1653947160
357,taoudenni,22.6783,-3.9836,96.67,12,58,12.48,ML,1653947160
358,plettenberg bay,-34.0527,23.3716,55.65,61,93,12.48,ZA,1653947160
359,swan hill,-35.3378,143.5544,47.16,83,39,17.92,AU,1653947161
360,vestmannaeyjar,63.4427,-20.2734,50.4,88,99,6.55,IS,1653947161
361,jiaxing,30.7522,120.75,64.92,84,100,5.41,CN,1653946864
362,talaya,61.3833,152.75,44.71,78,100,5.95,RU,1653947162
363,iskateley,67.6803,53.1512,38.16,69,56,9.66,RU,1653947222
364,rocha,-34.4833,-54.3333,45.64,74,98,10.94,UY,1653947222
365,kloulklubed,7.0419,134.2556,73.9,74,98,2.95,PW,1653947223
366,macaiba,-5.8583,-35.3539,80.98,89,20,6.91,BR,1653947136
367,dunedin,-45.8742,170.5036,53.8,67,100,1.99,NZ,1653947223
368,qaqortoq,60.7167,-46.0333,40.87,78,81,4.83,GL,1653947223
369,karpathos,35.507,27.2132,69.76,88,2,10.36,GR,1653947224
370,yulara,-25.2406,130.9889,49.35,52,100,3.85,AU,1653947224
371,mao,39.8885,4.2658,66.76,94,0,1.14,ES,1653947224
372,namibe,-15.1961,12.1522,68.29,69,0,3.09,AO,1653947225
373,ambon,-3.6954,128.1814,75.34,88,40,2.3,ID,1653947225
374,antigonish,45.6169,-61.9986,61.97,90,58,1.99,CA,1653946933
375,barra do corda,-5.5,-45.25,78.01,69,4,3.13,BR,1653947226
376,port lincoln,-34.7333,135.8667,54.41,58,82,25.43,AU,1653946932
377,qiyang,26.5911,111.8474,71.42,99,100,1.99,CN,1653947226
378,kaiyuan,23.6977,103.3037,63.97,95,98,2.71,CN,1653947226
379,alghero,40.5589,8.3181,69.89,83,0,8.05,IT,1653947227
380,rorvik,64.8621,11.2373,57.18,67,0,5.75,NO,1653947227
381,morondava,-20.2833,44.2833,70.92,78,0,12.86,MG,1653947227
382,kawalu,-7.3817,108.2082,71.19,96,41,2.93,ID,1653947228
383,alyangula,-13.8483,136.4192,77.09,74,77,6.38,AU,1653947228
384,baoqing,46.3317,132.2111,51.33,94,100,10.4,CN,1653947228
385,pacific grove,36.6177,-121.9166,75.38,70,0,13.8,US,1653947043
386,esso,55.9333,158.7,42.46,87,85,2.19,RU,1653947229
387,mattru,7.6244,-11.8332,75.78,96,90,0.72,SL,1653947229
388,boca do acre,-8.7522,-67.3978,81.27,68,99,1.05,BR,1653947229
389,avera,33.194,-82.5271,71.65,53,93,9.64,US,1653947230
390,valdivia,-39.8142,-73.2459,48.29,87,3,2.15,CL,1653947230
391,sitka,57.0531,-135.33,53.49,76,40,9.22,US,1653947180
392,fort nelson,58.8053,-122.7002,65.79,32,75,4.61,CA,1653947231
393,mildura,-34.2,142.15,49.06,87,44,22.15,AU,1653947231
394,haines junction,60.7522,-137.5108,69.75,18,0,3.44,CA,1653947231
395,the valley,18.217,-63.0578,84.06,69,20,17.27,AI,1653947232
396,mecca,21.4267,39.8261,88.75,20,1,4.5,SA,1653947232
397,zharkent,44.1628,80.0,59.43,77,100,5.03,KZ,1653947232
398,dingle,10.9995,122.6711,76.23,87,99,4.99,PH,1653947233
399,lysva,58.1086,57.8053,47.05,99,99,3.6,RU,1653947233
400,bafq,31.6128,55.4107,71.24,9,0,5.12,IR,1653947233
401,cayenne,4.9333,-52.3333,77.09,1,75,0.0,GF,1653947234
402,cedar rapids,42.0083,-91.6441,91.51,43,0,25.32,US,1653947234
403,galveston,29.3669,-94.9669,90.05,76,40,19.57,US,1653946999
404,sao joao da barra,-21.6403,-41.0511,77.09,87,10,12.06,BR,1653947234
405,ugoofaaru,5.6667,73.0,79.2,88,100,25.66,MV,1653947235
406,yefremov,53.1481,38.0992,57.97,78,100,8.75,RU,1653947235
407,nohfelden,49.5869,7.1428,48.15,78,75,5.03,DE,1653947235
408,gidole,5.65,37.3667,54.12,89,78,1.7,ET,1653947236
409,brumado,-14.2036,-41.6653,77.14,44,0,3.71,BR,1653947296
410,gazojak,41.1875,61.4036,77.67,22,0,12.35,TM,1653947296
411,fergus falls,46.283,-96.0776,69.17,89,100,23.02,US,1653947232
412,mpulungu,-8.7623,31.1141,72.48,56,31,6.76,ZM,1653947297
413,camalu,30.85,-116.0667,67.96,61,0,13.06,MX,1653947297
414,varna,43.2167,27.9167,65.88,89,0,3.44,BG,1653947297
415,gbarnga,6.9956,-9.4722,74.12,96,97,4.76,LR,1653947298
416,voskresenskoye,56.8381,45.4317,48.09,83,74,4.03,RU,1653947298
417,axim,4.8699,-2.2405,77.58,87,50,8.57,GH,1653947298
418,kangaatsiaq,68.3065,-53.4641,32.94,80,4,13.04,GL,1653947299
419,zaysan,47.4667,84.8667,60.96,50,100,10.67,KZ,1653947299
420,wasilla,61.5814,-149.4394,73.06,34,0,11.5,US,1653947299
421,takab,36.4009,47.1133,57.67,60,37,4.16,IR,1653947300
422,zhigansk,66.7697,123.3711,35.98,76,100,15.3,RU,1653947300
423,akdepe,42.0551,59.3788,73.49,24,0,7.7,TM,1653947300
424,nieuw amsterdam,5.8833,-55.0833,79.14,91,40,0.0,SR,1653947301
425,boden,65.8252,21.6886,59.0,89,99,2.51,SE,1653947301
426,tilichiki,60.4667,166.1,40.78,70,89,3.89,RU,1653947301
427,pangnirtung,66.1451,-65.7125,33.8,80,20,9.22,CA,1653947302
428,fairbanks,64.8378,-147.7164,73.6,33,0,6.91,US,1653947219
429,sur,22.5667,59.5289,87.13,41,0,16.69,OM,1653947302
430,colac,-38.3333,143.5833,42.84,93,79,12.8,AU,1653947302
431,kahului,20.8947,-156.47,87.82,57,40,19.57,US,1653947303
432,dunbar,38.3606,-81.7374,92.34,47,20,5.75,US,1653947303
433,chumikan,54.7183,135.315,33.46,99,100,4.9,RU,1653947303
434,kondinskoye,59.6481,67.41,49.05,96,62,7.74,RU,1653947304
435,innisfail,-17.5333,146.0333,68.95,72,32,3.27,AU,1653947304
436,saint-francois,46.4154,3.9054,54.84,54,0,2.3,FR,1653947304
437,yarada,17.65,83.2667,84.52,94,20,2.3,IN,1653947304
438,abong mbang,3.9833,13.1833,66.99,99,96,2.44,CM,1653947305
439,malkangiri,18.35,81.9,83.89,50,100,1.77,IN,1653947305
440,shu,43.5983,73.7614,57.69,82,100,3.62,KZ,1653947305
441,leshukonskoye,64.8989,45.7622,50.29,75,47,5.03,RU,1653947306
442,yablonovo,50.8523,37.3574,57.31,88,84,9.48,RU,1653947306
443,skegness,53.1436,0.3363,52.05,90,100,16.17,GB,1653947307
444,miajadas,39.1513,-5.9084,65.75,49,100,1.79,ES,1653947307
445,bilma,18.6853,12.9164,91.4,8,0,8.05,NE,1653947307
446,koshurnikovo,54.1667,93.3,51.48,99,93,2.46,RU,1653947307
447,bonthe,7.5264,-12.505,80.13,84,84,4.43,SL,1653947308
448,walvis bay,-22.9575,14.5053,58.15,72,0,8.05,NA,1653947308
449,china,25.7,-99.2333,101.01,29,2,20.31,MX,1653947308
450,tyrma,50.0833,132.1667,51.33,88,100,13.29,RU,1653947309
451,tupik,54.4253,119.9327,41.68,97,100,3.44,RU,1653947309
452,pouebo,-20.4,164.5667,77.72,75,75,4.34,NC,1653947309
453,havoysund,70.9963,24.6622,46.63,55,3,11.14,NO,1653947310
454,andilamena,-17.0167,48.5833,54.1,91,2,6.35,MG,1653947310
455,black diamond,47.3087,-122.0032,59.05,67,100,1.01,US,1653947310
456,bandarbeyla,9.4942,50.8122,79.32,81,100,23.71,SO,1653947311
457,goulburn,-34.75,149.7167,40.23,92,100,24.63,AU,1653947371
458,pisco,-13.7,-76.2167,68.05,68,0,14.97,PE,1653947371
459,broken hill,-31.95,141.4333,47.64,81,28,17.29,AU,1653947372
460,tanout,14.9709,8.8879,86.97,9,0,5.77,NE,1653947372
461,omboue,-1.5746,9.2618,73.51,92,69,6.46,GA,1653947372
462,talnakh,69.4865,88.3972,31.21,82,5,5.95,RU,1653947373
463,las cruces,32.3123,-106.7783,93.38,7,0,19.57,US,1653947315
464,chabahar,25.2919,60.643,83.77,78,1,6.29,IR,1653947373
465,yasnyy,51.0333,59.8742,56.59,79,77,10.04,RU,1653947373
466,yakeshi,49.2833,120.7333,47.39,65,98,4.7,CN,1653947374
467,santa rosa,14.3122,121.1114,80.11,90,100,4.85,PH,1653947374
468,oranjestad,12.524,-70.027,84.15,70,20,24.16,AW,1653947304
469,mutoko,-17.397,32.2268,55.38,60,0,5.26,ZW,1653947374
470,taloqan,36.7361,69.5345,66.49,31,0,4.85,AF,1653947375
471,hovd,48.0056,91.6419,59.45,29,100,3.24,MN,1653947375
472,coahuayana,18.7333,-103.6833,87.75,53,22,9.04,MX,1653947375
473,jesus del monte,19.1081,-99.9944,73.51,44,79,7.61,MX,1653947376
474,sinegorskiy,48.0139,40.8447,64.17,78,31,6.64,RU,1653947376
475,port-gentil,-0.7193,8.7815,75.16,88,20,10.36,GA,1653947376
476,saldanha,-33.0117,17.9442,50.05,74,35,3.44,ZA,1653947377
477,vieques,18.425,-65.8329,84.85,76,31,13.91,PR,1653947377
478,valandovo,41.3169,22.5611,64.6,76,0,0.96,MK,1653947377
479,finschhafen,-6.6024,147.8681,81.23,76,98,6.24,PG,1653947378
480,paso de los toros,-32.8167,-56.5167,40.96,72,3,8.34,UY,1653947378
481,popondetta,-8.7537,148.2534,77.45,85,57,1.14,PG,1653947378
482,tehachapi,35.1322,-118.449,75.33,33,0,20.0,US,1653947346
483,sorong,-0.8833,131.25,78.76,84,100,6.93,ID,1653947379
484,high prairie,55.4334,-116.4858,59.67,37,10,5.75,CA,1653947379
485,preobrazheniye,42.9019,133.9064,49.15,93,100,15.46,RU,1653947379
486,san cristobal,7.7669,-72.225,80.78,59,89,5.53,VE,1653947226
487,havelock,34.8791,-76.9013,84.2,64,0,9.22,US,1653947325
488,jasper,37.2001,-94.3502,82.45,59,100,24.16,US,1653947380
489,korla,41.7597,86.1469,77.23,21,92,14.7,CN,1653947380
490,xuanzhou,30.9525,118.7553,67.15,83,27,5.14,CN,1653947380
491,hohhot,40.8106,111.6522,50.29,29,0,6.71,CN,1653947381
492,sargatskoye,55.6101,73.4972,55.29,87,100,5.12,RU,1653947381
493,konza,-1.7426,37.1294,55.98,92,37,3.8,KE,1653947381
494,lastoursville,-0.8143,12.7287,72.46,97,100,1.86,GA,1653947382
495,santa maria,-29.6842,-53.8069,49.3,57,0,4.61,BR,1653947085
496,araceli,10.5529,119.9913,81.01,74,100,6.93,PH,1653947382
497,privas,44.5833,4.5,57.18,52,53,2.33,FR,1653947382
498,marsh harbour,26.5412,-77.0636,77.68,65,100,4.0,BS,1653947383
499,cairns,-16.9167,145.7667,68.07,100,35,2.3,AU,1653947312
500,bardstown,37.8092,-85.4669,89.29,47,0,8.05,US,1653947383
501,xiaoweizhai,26.1903,107.5125,62.94,97,88,1.43,CN,1653947384
502,karaton,-6.3424,106.1045,72.86,96,19,2.68,ID,1653947384
503,coldwater,41.9403,-85.0005,86.07,42,0,11.5,US,1653947384
504,khani,41.9563,42.9566,56.77,68,0,6.22,GE,1653947445
505,constitucion,-35.3333,-72.4167,46.63,68,0,10.38,CL,1653947445
506,fayaoue,-20.65,166.5333,78.44,79,56,2.62,NC,1653947445
507,chinsali,-10.5414,32.0816,56.21,59,1,6.85,ZM,1653947445
508,sinnamary,5.3833,-52.95,78.62,86,100,10.09,GF,1653947446
509,bambamarca,-6.6833,-78.5333,59.29,79,35,6.04,PE,1653947446
510,lagos,6.5833,3.75,82.72,87,80,6.31,NG,1653947316
511,planadas,3.197,-75.6451,75.63,84,77,2.33,CO,1653947446
512,eyrarbakki,63.863,-21.1481,51.21,75,64,8.66,IS,1653947447
513,pontianak,-0.0333,109.3333,75.18,94,84,2.3,ID,1653947190
514,khvoynaya,58.9,34.5333,51.73,68,100,4.21,RU,1653947447
515,zvishavane,-20.3267,30.0665,59.2,83,40,11.3,ZW,1653947448
516,los llanos de aridane,28.6585,-17.9182,69.55,84,75,13.8,ES,1653947448
517,auki,-8.7676,160.7034,82.94,69,46,3.89,SB,1653947448
518,talcher,20.95,85.2167,83.14,63,89,3.18,IN,1653947449
519,windsor,42.3001,-83.0165,91.74,43,0,23.02,CA,1653947249
520,panaba,21.2833,-88.2667,82.02,67,97,19.13,MX,1653947449
521,mana,5.6592,-53.7767,78.46,86,100,10.02,GF,1653947450
522,zhirnovsk,50.9845,44.7735,54.36,88,45,7.7,RU,1653947450
523,kluang,2.0251,103.3328,75.54,94,76,1.1,MY,1653947450
524,flin flon,54.7682,-101.865,53.44,87,75,11.5,CA,1653947450
525,viedma,-40.8135,-62.9967,43.23,80,63,10.89,AR,1653947451
526,sioux city,42.5,-96.4003,83.66,32,0,23.02,US,1653947451
527,tukrah,32.5341,20.5791,71.55,56,43,5.32,LY,1653947451
528,sundumbili,-29.1337,31.3975,54.84,72,0,5.73,ZA,1653947452
529,amazar,53.858,120.875,42.69,97,100,1.41,RU,1653947452
530,wollongong,-34.4333,150.8833,55.08,63,85,18.1,AU,1653947452
531,vallenar,-28.5708,-70.7581,62.44,39,100,3.6,CL,1653947453
532,ilorin,8.5,4.55,76.8,78,76,9.06,NG,1653947453
533,puerto baquerizo moreno,-0.9,-89.6,70.79,94,100,9.22,EC,1653947453
534,north bend,43.4065,-124.2243,62.92,80,100,11.5,US,1653947454
535,quatre cocos,-20.2078,57.7625,73.51,65,83,16.69,MU,1653947454
536,mopti,14.6667,-4.0,91.44,38,0,6.91,ML,1653947454
537,edgewater,28.9889,-80.9023,90.18,69,3,14.41,US,1653947454
538,bundaberg,-24.85,152.35,62.22,46,73,8.99,AU,1653947455
539,morgan city,29.6994,-91.2068,93.0,70,40,12.66,US,1653947455
540,denpasar,-8.65,115.2167,78.46,89,20,4.61,ID,1653947455
541,covington,39.0837,-84.5086,89.71,50,20,16.11,US,1653947456
542,burns lake,54.2331,-125.7533,63.82,27,88,6.2,CA,1653947456
543,okhotsk,59.3833,143.3,38.82,82,100,5.64,RU,1653947456
544,peru,40.7537,-86.0689,89.35,44,75,19.57,US,1653947406
545,chernyshevskiy,63.0128,112.4714,47.86,53,54,5.61,RU,1653947457
546,challans,46.8436,-1.8749,55.6,75,36,9.66,FR,1653947457
547,basdiot,9.9472,123.3752,78.73,77,100,1.36,PH,1653947457
548,springdale,36.1867,-94.1288,84.07,59,75,23.0,US,1653947313
549,sabha,27.0377,14.4283,89.87,14,99,11.63,LY,1653947458
550,biltine,14.5333,20.9167,88.36,11,3,7.7,TD,1653947518
551,penzance,50.1186,-5.5371,50.68,64,4,10.09,GB,1653947518
552,zarechnyy,53.2036,45.1923,50.83,79,75,2.91,RU,1653947519
553,hinton,53.4001,-117.5857,56.59,49,77,3.31,CA,1653947519
554,yantal,56.8471,105.2542,48.45,86,100,6.15,RU,1653947519
555,sayyan,15.1718,44.3244,63.19,35,40,1.34,YE,1653947519
556,vaitape,-16.5167,-151.75,79.93,71,61,7.65,PF,1653947520
557,nalut,30.3333,10.85,84.22,21,86,11.25,LY,1653947520
558,kirakira,-10.4544,161.9205,82.71,76,35,5.35,SB,1653947520
559,virginia beach,36.8529,-75.978,86.02,65,20,13.8,US,1653947347
560,srandakan,-7.9386,110.2506,75.27,88,55,2.48,ID,1653947521
561,iwanai,42.9744,140.5089,53.37,83,100,8.32,JP,1653947521
562,grindavik,63.8424,-22.4338,48.67,100,100,8.05,IS,1653947521
563,dawson creek,55.7666,-120.2362,60.44,39,75,11.5,CA,1653947522
564,henties bay,-22.116,14.2845,58.41,78,0,7.72,NA,1653947522
